,track_name
0,Seven (feat. Latto) (Explicit Ver.)
1,LALA
2,vampire
3,Cruel Summer
4,WHERE SHE GOES
5,Sprinter
6,Ella Baila Sola
7,Columbia
8,fukumean
9,La Bebe - Remix
10,un x100to
11,Super Shy
12,Flowers
13,Daylight
14,As It Was
15,Kill Bill
16,Cupid - Twin Ver.
17,"What Was I Made For? [From The Motion Picture ""Barbie""]"
18,Classy 101
19,Like Crazy
20,LADY GAGA
21,I Can See You (Taylorï¿½ï¿½ï¿½s Version) (From The 
22,I Wanna Be Yours
23,"Peso Pluma: Bzrp Music Sessions, Vol. 55"
24,Popular (with Playboi Carti & Madonna) - The Idol Vol. 1 (Music from the HBO Original Series)
25,SABOR FRESA
26,Calm Down (with Selena Gomez)
27,MOJABI GHOST
28,Last Night
29,Dance The Night (From Barbie The Album)
30,Rush
31,TULUM
32,Creepin'
33,Anti-Hero
34,TQG
35,Los del Espacio
36,Frï¿½ï¿½gil (feat. Grupo Front
37,Blank Space
38,Style
39,TQM
40,El Azul
41,Sunflower - Spider-Man: Into the Spider-Verse
42,I'm Good (Blue)
43,See You Again
44,Barbie World (with Aqua) [From Barbie The Album]
45,Angels Like You
46,I Ain't Worried
47,Die For You
48,Starboy
49,Die For You - Remix
50,El Cielo
51,Baby Don't Hurt Me
52,AMARGURA
53,(It Goes Like) Nanana - Edit
54,Another Love
55,Blinding Lights
56,Moonlight
57,La Bachata
58,S91
59,cardigan
60,Tï¿½ï¿
61,Boy's a liar Pt. 2
62,Left and Right (Feat. Jung Kook of BTS)
63,BESO
64,Hey Mor
65,Yellow
66,Karma
67,People
68,Overdrive
69,Enchanted (Taylor's Version)
70,BABY HELLO
71,Heat Waves
72,golden hour
73,Sweater Weather
74,"Quevedo: Bzrp Music Sessions, Vol. 52"
75,Viva La Vida
76,Here With Me
77,Unholy (feat. Kim Petras)
78,Yandel 150
79,CORAZï¿½ï¿½N VA
80,Riptide
81,Until I Found You (with Em Beihold) - Em Beihold Version
82,Novidade na ï¿½ï¿
83,Back To December (Taylor's Version)
84,STAY (with Justin Bieber)
85,El Merengue
86,Someone You Loved
87,Me Porto Bonito
88,Makeba
89,MONTAGEM - FR PUNK
90,Fast Car
91,What It Is (Solo Version)
92,Coco Chanel
93,Donï¿½ï¿½ï¿½t Bl
94,Still With You
95,All My Life (feat. J. Cole)
96,Say Yes To Heaven
97,Snooze
98,Summertime Sadness
99,Take Two
100,Lover
101,Too Many Nights (feat. Don Toliver & with Future)
102,Chemical
103,Mockingbird
104,New Jeans
105,Primera Cita
106,Cold Heart - PNAU Remix
107,Dandelions
108,Bones
109,Set Fire to the Rain
110,Money Trees
111,Tak Segampang Itu
112,LAGUNAS
113,Mine (Taylor's Version)
114,Everybody Wants To Rule The World
115,No Role Modelz
116,Tattoo
117,Rara Vez
118,VAGABUNDO
119,august
120,LUNA
121,Miracle (with Ellie Goulding)
122,Nonsense
123,Que Vuelvas
124,Por las Noches
125,Feliz Cumpleaï¿½ï¿½os Fe
126,Can't Hold Us (feat. Ray Dalton)
127,Watermelon Sugar
128,lovely - Bonus Track
129,"Rauw Alejandro: Bzrp Music Sessions, Vol. 56"
130,Queencard
131,OMG
132,Radio
133,"Shakira: Bzrp Music Sessions, Vol. 53"
134,505
135,"Calling (Spider-Man: Across the Spider-Verse) (Metro Boomin & Swae Lee, NAV, feat. A Boogie Wit da Hoodie)"
136,Trance (with Travis Scott & Young Thug)
137,"Tere Vaaste (From ""Zara Hatke Zara Bachke"")"
138,Perfect
139,Romantic Homicide
140,Believer
141,Novo Balanï¿½
142,"Gol Bolinha, Gol Quadrado 2"
143,Without Me
144,QUEMA
145,Stargirl Interlude
146,Ojitos Lindos
147,Somewhere Only We Know
148,Those Eyes
149,El Gordo Trae El Mando
150,Mi Bello Angel
151,Bye
152,Danza Kuduro
153,Nosso Quadro
154,Locked Out Of Heaven
155,Un Finde | CROSSOVER #2
156,Jimmy Cooks (feat. 21 Savage)
157,Counting Stars
158,Ghost
159,Under The Influence
160,PRC
161,Gasolina
162,One Dance
163,Enchanted
164,Save Your Tears
165,Sure Thing
166,Every Breath You Take - Remastered 2003
167,The Night We Met
168,We Found Love
169,When I Was Your Man
170,Let Me Down Slowly
171,"Am I Dreaming (Metro Boomin & A$AP Rocky, Roisee)"
172,Do I Wanna Know?
173,Demons
174,ýýýýýýýýýýýý
175,Reminder
176,Shake It Off
177,Why'd You Only Call Me When You're High?
178,SNAP
179,Shape of You
180,Night Changes
181,Fin de Semana
182,Creep
183,Car's Outside
184,Apocalypse
185,Cheques
186,Pink + White
187,Circles
188,Just The Way You Are
189,Take Me To Church
190,Bebe Dame
191,You Belong With Me (Taylorï¿½ï¿½ï¿½s Ve
192,Titi Me Preguntï¿
193,Better Than Revenge (Taylor's Version)
194,Shut up My Moms Calling
195,Have You Ever Seen The Rain?
196,Es un Secreto
197,POLARIS - Remix
198,Ditto
199,Take On Me
200,"Annihilate (Spider-Man: Across the Spider-Verse) (Metro Boomin & Swae Lee, Lil Wayne, Offset)"
201,"Angel Pt 1 (feat. Jimin of BTS, JVKE & Muni Long)"
202,Acrï¿½ï¿½s
203,AMG
204,"Phir Aur Kya Chahiye (From ""Zara Hatke Zara Bachke"")"
205,S-Class
206,Hits Different
207,Chanel
208,Self Love (Spider-Man: Across the Spider-Verse) (Metro Boomin & Coi Leray)
209,Area Codes
210,Abcdario
211,Obsessed
212,Piï¿½ï¿½man Deï¿
213,FLOWER
214,"All The Way Live (Spider-Man: Across the Spider-Verse) (Metro Boomin & Future, Lil Uzi Vert)"
215,Eyes Closed
216,Escapism.
217,La Jumpa
218,Karma (feat. Ice Spice)
219,Superhero (Heroes & Villains) [with Future & Chris Brown]
220,Las Morras
221,CHORRITO PA LAS ANIMAS
222,Ch y la Pizza
223,Snow On The Beach (feat. More Lana Del Rey)
224,Players
225,Bite Me
226,Stand By Me (feat. Morgan Wallen)
227,Normal
228,Hummingbird (Metro Boomin & James Blake)
229,Seu Brilho Sumiu - Ao Vivo
230,Bad Habit
231,CUFF IT
232,Lilith (feat. SUGA of BTS) (Diablo IV Anthem)
233,69
234,Niï¿½ï¿½a Bo
235,Search & Rescue
236,AMERICA HAS A PROBLEM (feat. Kendrick Lamar)
237,Lavender Haze
238,"Link Up (Metro Boomin & Don Toliver, Wizkid feat. BEAM & Toian) - Spider-Verse Remix (Spider-Man: Across the Spider-Verse )"
239,Efecto
240,Erro Gostoso - Ao Vivo
241,Cupido
242,Just Wanna Rock
243,Unstoppable
244,Until I Found You
245,Rich Flex
246,Easy On Me
247,Cartï¿½ï¿½o B
248,Danger (Spider) (Offset & JID)
249,Oi Balde - Ao Vivo
250,The Real Slim Shady
251,MERCHO
252,The Color Violet
253,Glimpse of Us
254,Mejor Que Yo
255,Curtains
256,UNFORGIVEN (feat. Nile Rodgers)
257,Haegeum
258,Conexï¿½ï¿½es de Mï¿½ï¿½fia (feat. Rich 
259,MIENTRAS ME CURO DEL CORA
260,Never Felt So Alone
261,X SI VOLVEMOS
262,ceilings
263,Cupid
264,I AM
265,Cupid ï¿½ï¿½ï¿½ Twin Ver. (FIFTY FIFTY) ï¿½ï¿½ï¿½ Spe
266,Shorty Party
267,Super
268,Slut Me Out
269,Double Fantasy (with Future)
270,All Of The Girls You Loved Before
271,PROVENZA
272,Princess Diana (with Nicki Minaj)
273,Di Que Si
274,Shivers
275,Igualito a Mi Apï¿
276,Shoong! (feat. LISA of BLACKPINK)
277,Komang
278,DESPECHï¿
279,Made You Look
280,Watch This - ARIZONATEARS Pluggnb Remix
281,No Se Va
282,Punto G
283,Lovers Rock
284,METAMORPHOSIS
285,Mami Chula
286,En Paris
287,Set Me Free Pt.2
288,I Was Never There
289,Don't ever say love me (feat. RM of BTS)
290,Shut Down
291,Gato de Noche
292,Call Out My Name
293,Like Crazy (English Version)
294,Rosa Pastel
295,Sunroof
296,Lose Yourself - Soundtrack Version
297,Superman
298,Mas Rica Que Ayer
299,People Pt.2 (feat. IU)
300,REMIX EXCLUSIVO
301,"Arcï¿½ï¿½ngel: Bzrp Music Sessions, Vol"
302,DOGTOOTH
303,10:35
304,SORRY NOT SORRY
305,HAPPY
306,La Bebe
307,I Know - PR1SVX Edit
308,Late Night Talking
309,Leï¿½
310,Save Your Tears (with Ariana Grande) (Remix)
311,Something in the Orange
312,VOID
313,Dijeron Que No La Iba Lograr
314,Midnight Rain
315,If We Ever Broke Up
316,You Proof
317,LA INOCENTE
318,Malas Decisiones
319,Murder In My Mind
320,Gangsta's Paradise
321,CAIRO
322,I Love You So
323,Dark Red
324,Say You Won't Let Go
325,The Hills
326,Heart To Heart
327,Peaches (from The Super Mario Bros. Movie)
328,Marisola - Remix
329,LOKERA
330,Low
331,Numb
332,Tormenta (feat. Bad Bunny)
333,on the street (with J. Cole)
334,One Thing At A Time
335,Miss You
336,Ainï¿½ï¿½ï¿½t Tha
337,Thinkinï¿½ï¿½ï¿½ B
338,Private Landing (feat. Justin Bieber & Future)
339,Everything I Love
340,Heaven
341,LET GO
342,Sial
343,I Wrote The Book
344,"Apna Bana Le (From ""Bhediya"")"
345,SPIT IN MY FACE!
346,PLAYA DEL INGLï¿½
347,Man Made A Bar (feat. Eric Church)
348,Red Ruby Da Sleeze
349,Kahani Suno 2.0
350,Nobody Gets Me
351,PERO Tï¿
352,Hype Boy
353,Bloody Mary
354,Monotonï¿½
355,ýýý98 Braves
356,WANDA
357,Thought You Should Know
358,In The End
359,Zona De Perigo
360,Lovezinho
361,I Like You (A Happier Song) (with Doja Cat)
362,Neverita
363,Vista Al Mar
364,Sem Alianï¿½ï¿½a no 
365,Enemy (with JID) - from the series Arcane League of Legends
366,Revenge
367,Bombonzinho - Ao Vivo
368,LA CANCIï¿½
369,Quï¿½ï¿½ Ago
370,Love Again
371,After Hours
372,About Damn Time
373,Born With A Beer In My Hand
374,ýýýýýýýýýýýýýýýýýýýýý
375,Besos Moja2
376,Maan Meri Jaan
377,Moscow Mule
378,My Universe
379,Devil Donï¿½ï¿½ï¿½
380,LLYLM
381,I'm Not Here To Make Friends
382,TRUSTFALL
383,ANTIFRAGILE
384,Boy's a liar
385,VIBE (feat. Jimin of BTS)
386,Shirt
387,Lift Me Up - From Black Panther: Wakanda Forever - Music From and Inspired By
388,STAR WALKIN' (League of Legends Worlds Anthem)
389,"Sex, Drugs, Etc."
390,Boy With Luv (feat. Halsey)
391,"Hey, Mickey!"
392,Calm Down
393,Jhoome Jo Pathaan
394,Escapism. - Sped Up
395,Space Song
396,Dreamers [Music from the FIFA World Cup Qatar 2022 Official Soundtrack]
397,Te Felicito
398,Muï¿½ï¿½
399,TV
400,I'm Not The Only One
401,Heather
402,"Besharam Rang (From ""Pathaan"")"
403,One Kiss (with Dua Lipa)
404,Sugar Rush Ride
405,Pink Venom
406,WAIT FOR U (feat. Drake & Tems)
407,Don't Start Now
408,After Dark
409,Eu Gosto Assim - Ao Vivo
410,INDUSTRY BABY (feat. Jack Harlow)
411,MIDDLE OF THE NIGHT
412,Atlantis
413,PUNTO 40
414,Evoque Prata
415,How Do I Say Goodbye
416,Blind
417,Die For You
418,Doja
419,Gatita
420,Rumble
421,Niagara Falls (Foot or 2) [with Travis Scott & 21 Savage]
422,Yonaguni
423,Super Freaky Girl
424,Running Up That Hill (A Deal With God)
425,Dream On
426,Limbo
427,Where Are You Now
428,WORTH NOTHING
429,Bad Habits
430,KICK BACK
431,Evergreen (You Didnï¿½ï¿½ï¿½t Deserve Me A
432,Good Days
433,Levitating (feat. DaBaby)
434,Woman
435,Shut up My Moms Calling - (Sped Up)
436,Ferrari
437,"You're On Your Own, Kid"
438,"Kesariya (From ""Brahmastra"")"
439,Agudo Mï¿½ï¿½gi
440,Payphone
441,All I Want for Christmas Is You
442,Last Christmas
443,Rockin' Around The Christmas Tree
444,Jingle Bell Rock
445,It's Beginning To Look A Lot Like Christmas
446,Santa Tell Me
447,It's the Most Wonderful Time of the Year
448,Let It Snow! Let It Snow! Let It Snow!
449,Snowman
450,Underneath the Tree
451,Feliz Navidad
452,Holly Jolly Christmas
453,Mistletoe
454,Sleigh Ride
455,Seek & Destroy
456,Love Language
457,Happy Xmas (War Is Over)
458,Used (feat. Don Toliver)
459,A Holly Jolly Christmas - Single Version
460,The Christmas Song (Merry Christmas To You) - Remastered 1999
461,Wonderful Christmastime - Edited Version / Remastered 2011
462,Do They Know It's Christmas? - 1984 Version
463,Ghost in the Machine (feat. Phoebe Bridgers)
464,Special
465,Merry Christmas Everyone
466,Let It Snow! Let It Snow! Let It Snow!
467,SOS
468,Open Arms (feat. Travis Scott)
469,White Christmas
470,Driving Home for Christmas - 2019 Remaster
471,Christmas (Baby Please Come Home)
472,Gone Girl
473,F2F
474,Notice Me
475,Merry Christmas
476,It's Beginning to Look a Lot Like Christmas (with Mitchell Ayres & His Orchestra)
477,My Only Wish (This Year)
478,Antidepresan
479,Wild Flower (with youjeen)
480,I Hate U
481,Raindrops (Insane) [with Travis Scott]
482,SPIT IN MY FACE!
483,Deck The Hall - Remastered 1999
484,Smoking on my Ex Pack
485,Conceited
486,Snow On The Beach (feat. Lana Del Rey)
487,Maroon
488,Tubarï¿½ï¿½o Te
489,Bejeweled
490,Tarot
491,You Make It Feel Like Christmas (feat. Blake Shelton)
492,Desesperados
493,Too Late
494,Party
495,Run Rudolph Run - Single Version
496,Jingle Bells - Remastered 1999
497,Far
498,On Time (with John Legend)
499,GATï¿½ï¿½
500,ýýýabcdefu
501,Sacrifice
502,Is There Someone Else?
503,Fingers Crossed
504,Out of Time
505,Do It To It
506,We Don't Talk About Bruno
507,Pepas
508,How Do I Make You Love Me?
509,Gasoline
510,Infinity
511,Less Than Zero
512,Take My Breath
513,good 4 u
514,"Here We Goï¿½ï¿½ï¿½ Again (feat. Tyler, the Cr"
515,Best Friends
516,Kiss Me More (feat. SZA)
517,I Heard You're Married (feat. Lil Wayne)
518,Need To Know
519,MONTERO (Call Me By Your Name)
520,love nwantiti (ah ah ah)
521,Dawn FM
522,Surface Pressure
523,Starry Eyes
524,THATS WHAT I WANT
525,One Right Now (with The Weeknd)
526,Beggin
527,Mon Amour - Remix
528,Lo Siento BB:/ (with Bad Bunny & Julieta Venegas)
529,MONEY
530,The Motto
531,Happier Than Ever
532,Moth To A Flame (with The Weeknd)
533,traitor
534,Toxic
535,drivers license
536,Malvadï¿½ï¿
537,All Too Well (10 Minute Version) (Taylor's Version) (From The Vault)
538,Donï¿½ï¿½ï¿½t Break My
539,Oh My God
540,Entre Nosotros (Remix) [con Nicki Nicole]
541,A Tale By Quincy
542,I AM WOMAN
543,Medallo
544,It'll Be Okay
545,Softcore
546,Super Gremlin
547,Volvï¿
548,Todo De Ti
549,Love Nwantiti - Remix
550,Smokin Out The Window
551,Meet Me At Our Spot
552,Every Angel is Terrifying
553,Tacones Rojos
554,Peaches (feat. Daniel Caesar & Giveon)
555,Dakiti
556,"Tiago PZK: Bzrp Music Sessions, Vol. 48"
557,Lï¿½ï¿½ï¿
558,Nostï¿½ï¿½l
559,Better Days (NEIKED x Mae Muller x Polo G)
560,Life Goes On
561,Sad Girlz Luv Money Remix (feat. Kali Uchis)
562,Butter
563,pushin P (feat. Young Thug)
564,You Right
565,deja vu
566,Dynamite
567,TO THE MOON
568,Lost in the Fire
569,Salimo de Noche
570,Volando - Remix
571,Leave The Door Open
572,Knife Talk (with 21 Savage ft. Project Pat)
573,Don't Be Shy
574,Love Grows (Where My Rosemary Goes)
575,LA FAMA (with The Weeknd)
576,The Family Madrigal
577,Phantom Regret by Jim
578,Dos Oruguitas
579,Freaks
580,Acapulco
581,Daddy Issues
582,thought i was playing
583,ELEVEN
584,Mood (feat. Iann Dior)
585,What Else Can I Do?
586,DANCE CRIP
587,Miserable Man
588,happier
589,Praise God
590,Get Into It (Yuh)
591,Before You Go
592,Sky
593,Rolling in the Deep
594,Sobrio
595,Peru
596,favorite crime
597,Thunder
598,The Business
599,positions
600,I WANNA BE YOUR SLAVE
601,Vai Lï¿½ï¿½ Em Casa 
602,The Feels
603,HEARTBREAK ANNIVERSARY
604,No Lie
605,OUT OUT (feat. Charli XCX & Saweetie)
606,Pope Is a Rockstar
607,2055
608,Bored
609,Happier Than Ever - Edit
610,Astronaut In The Ocean
611,Ley Seca
612,Every Summertime
613,Talking To The Moon
614,you broke me first
615,The Nights
616,Take My Breath
617,Way 2 Sexy (with Future & Young Thug)
618,Cï¿½ï¿½
619,Enemy - from the series Arcane League of Legends
620,Dance Monkey
621,Lucid Dreams
622,Quï¿½ï¿½ Mï¿½ï¿
623,All of Me
624,Smells Like Teen Spirit - Remastered 2021
625,Arcade
626,Fair Trade (with Travis Scott)
627,Bar
628,The Rumbling (TV Size)
629,family ties (with Kendrick Lamar)
630,Mr. Brightside
631,Blessed-Cursed
632,AM Remix
633,Streets
634,Shallow
635,Polaroid Love
636,Leave Before You Love Me (with Jonas Brothers)
637,Permission to Dance
638,Friday (feat. Mufasa & Hypeman) - Dopamine Re-Edit
639,RAPSTAR
640,'Till I Collapse
641,Memories
642,Se Le Ve
643,25k jacket (feat. Lil Baby)
644,When Iï¿½ï¿½ï¿½m Gone (with Katy 
645,Esqueï¿½ï¿½a-Me Se For C
646,Miï¿½ï¿½n
647,Sï¿½ï¿½
648,MAMIII
649,Still D.R.E.
650,Stay Alive (Prod. SUGA of BTS)
651,Boyfriend
652,The Joker And The Queen (feat. Taylor Swift)
653,The Next Episode
654,Light Switch
655,City of Gods
656,Brividi
657,Lost
658,In Da Club
659,she's all i wanna be
660,Ginseng Strip 2002
661,All For Us - from the HBO Original Series Euphoria
662,Notion
663,Formula
664,Mount Everest
665,Excuses
666,Cigarettes
667,"Cayï¿½ï¿½ La Noche (feat. Cruz Cafunï¿½ï¿½, Abhir Hathi, Bejo, EL IMA)"
668,California Love - Original Version (Explicit)
669,Forgot About Dre
670,Down Under (feat. Colin Hay)
671,Mujeriego
672,HUMBLE.
673,Stan
674,Contection
675,Swim
676,A Tu Merced
677,Numb Little Bug
678,212
679,Problemï¿½
680,Bussin
681,Worst Day
682,Malvada
683,Hrs and Hrs
684,Alien Blues
685,Thinking Out Loud
686,Still Don't Know My Name
687,Christmas Tree
688,Mal Feito - Ao Vivo
689,When I R.I.P.
690,Do We Have A Problem?
691,Forever
692,Gospel (with Eminem)
693,Seï¿½ï¿½o
694,NEW MAGIC WAND
695,Adore You
696,La Santa
697,Something In The Way - Remastered 2021
698,Sweetest Pie
699,Bam Bam (feat. Ed Sheeran)
700,Una Noche en Medellï¿½
701,Envolver
702,Starlight
703,Hati-Hati di Jalan
704,"I'm Tired - From ""Euphoria"" An Original HBO Series"
705,DANï¿½ï¿½A
706,Yo Voy (feat. Daddy Yankee)
707,"Residente: Bzrp Music Sessions, Vol. 49"
708,Jordan
709,Nail Tech
710,Chale
711,DARARI
712,Ya No Somos Ni Seremos
713,Thinking with My Dick
714,Freaky Deaky
715,this is what falling in love feels like
716,La Zona
717,Bohemian Rhapsody - Remastered 2011
718,Hope
719,Levitating
720,Wake Me Up - Radio Edit
721,"jealousy, jealousy"
722,Monï¿½ï¿½y so
723,Demasiadas Mujeres
724,Something Just Like This
725,Closer
726,O.O
727,Somebody That I Used To Know
728,Tom's Diner
729,First Class
730,Plan A
731,Fuera del mercado
732,X ï¿½ï¿½LTIMA
733,When You're Gone
734,In My Head
735,Wait a Minute!
736,LOVE DIVE
737,Pantysito
738,Chance
739,Cool for the Summer
740,psychofreak (feat. WILLOW)
741,Angel Baby
742,Vampiro
743,Si Quieren Frontear
744,Right On
745,Me Arrepentï¿
746,That's Hilarious
747,Soy El Unico
748,RUMBATï¿½
749,sentaDONA (Remix) s2
750,Falling
751,Sigue
752,Fim de Semana no Rio
753,MANIAC
754,There's Nothing Holdin' Me Back
755,IDGAF (with blackbear)
756,Golden
757,Get Lucky - Radio Edit
758,Ain't Shit
759,"Nobody Like U - From ""Turning Red"""
760,Still Life
761,Photograph
762,Love Yourself
763,N95
764,About Damn Time
765,Die Hard
766,Despuï¿½ï¿½s de la P
767,Un Ratito
768,United In Grief
769,Father Time (feat. Sampha)
770,Yo No Soy Celoso
771,Rich Spirit
772,Cooped Up (with Roddy Ricch)
773,Me Fui de Vacaciones
774,Silent Hill
775,La Corriente
776,Count Me Out
777,Andrea
778,Dos Mil 16
779,We Cry Together
780,Savior
781,Un Coco
782,Otro Atardecer
783,Worldwide Steppers
784,Aguacero
785,Purple Hearts
786,Un Verano Sin Ti
787,ULTRA SOLO
788,Ensï¿½ï¿½ï¿½ï¿½ame 
789,El Apagï¿½
790,Callaita
791,Dua Lipa
792,Agosto
793,House Of Memories
794,Mr. Morale
795,That That (prod. & feat. SUGA of BTS)
796,In The Stars
797,Rich - Interlude
798,SUPERMODEL
799,Stefania (Kalush Orchestra)
800,Thousand Miles
801,Crown
802,Auntie Diaries
803,PUFFIN ON ZOOTIEZ
804,Mirror
805,Beautiful Girl
806,"Paulo Londra: Bzrp Music Sessions, Vol. 23"
807,Savior - Interlude
808,Pasoori
809,Mother I Sober (feat. Beth Gibbons of Portishead)
810,TUS Lï¿½ï¿½GR
811,Where Did You Go?
812,I Tried to Tell Y'all
813,Honest (feat. Don Toliver)
814,ZOOM
815,SloMo
816,FEARLESS
817,10 Things I Hate About You
818,SPACE MAN
819,With you
820,Iris
821,The Heart Part 5
822,San Lucas
823,This Love (Taylorï¿½ï¿½ï¿½s Ve
824,Good Looking
825,Flowers
826,Yet To Come
827,Run BTS
828,Music For a Sushi Restaurant
829,Matilda
830,For Youth
831,Daylight
832,Vegas (From the Original Motion Picture Soundtrack ELVIS)
833,Cash In Cash Out
834,Potion (with Dua Lipa & Young Thug)
835,Born Singer
836,Little Freak
837,La Llevo Al Cielo (Ft. ï¿½ï¿½engo F
838,True Love
839,Satellite
840,Pass The Dutchie
841,"Villano Antillano: Bzrp Music Sessions, Vol. 51"
842,Love Of My Life
843,Grapejuice
844,So Good
845,Belly Dancer
846,Keep Driving
847,Cinema
848,Die Young (feat. 347aidan)
849,Only Love Can Hurt Like This
850,Hold My Hand
851,Daydreaming
852,Numb
853,Nos Comemos (feat. Ozuna)
854,Me and Your Mama
855,Crazy What Love Can Do
856,SLOW DANCING IN THE DARK
857,Antes de Perderte
858,Boyfriends
859,295
860,Tak Ingin Usai
861,En El Radio Un Cochinero
862,Master of Puppets (Remastered)
863,BREAK MY SOUL
864,ULTRA SOLO REMIX
865,Massive
866,Betty (Get Money)
867,Ojos Marrones
868,POP!
869,Layla
870,MORE
871,Sweet Child O' Mine
872,Last Last
873,SNAP
874,Sticky
875,Hot Shit (feat. Ye & Lil Durk)
876,Ai Preto
877,La Loto
878,die first
879,Afraid To Feel
880,Baile no Morro
881,cï¿½ï¿½mo dormi
882,Bad Decisions (with BTS & Snoop Dogg)
883,STAYING ALIVE (feat. Drake & Lil Baby)
884,Caile
885,Si Te La Encuentras Por Ahï¿
886,GIVENCHY
887,ALIEN SUPERSTAR
888,Mary On A Cross
889,Attention
890,THE SHADE
891,"Come Back Home - From ""Purple Hearts"""
892,El Rescate
893,Heartless
894,"Stay With Me (with Justin Timberlake, Halsey, & Pharrell)"
895,Siempre Pendientes
896,JGL
897,Don't You Worry
898,Pipoco
899,Hold Me Closer
900,Forget Me
901,After LIKE
902,Bound 2
903,B.O.T.A. (Baddest Of Them All) - Edit
904,Talk that Talk
905,BILLIE EILISH.
906,Ferxxo 100
907,KU LO SA - A COLORS SHOW
908,Prohibidox
909,Static
910,The Scientist
911,Sparks
912,Talk
913,XQ Te Pones Asï¿
914,Selfish
915,Sin Seï¿½ï
916,Lady Mi Amor
917,Poland
918,THE LONELIEST
919,Bye Bye
920,BABY OTAKU
921,Nxde
922,Miss You
923,we fell in love in october
924,2 Be Loved (Am I Ready)
925,Celestial
926,Typa Girl
927,I Really Want to Stay at Your House
928,California Breeze
929,Bamba (feat. Aitch & BIA)
930,Casei Com a Putaria
931,Major Distribution
932,Pussy & Millions (feat. Travis Scott)
933,Vigilante Shit
934,Question...?
935,On BS
936,Mastermind
937,Circo Loco
938,Labyrinth
939,Spin Bout U
940,Sweet Nothing
941,"Would've, Could've, Should've"
942,Con La Brisa
943,Privileged Rappers
944,The Astronaut
945,BackOutsideBoyz
946,Broke Boys
947,The Great War
948,My Mind & Me
949,Bigger Than The Whole Sky
950,A Veces (feat. Feid)
951,En La De Ella
952,Alone
